CustID,Name,Street,City,State,Telephone
1000,Malory Higgonet,8086 Moulton Lane,New York City,NY,917-642-3977
1001,Mario Hune,26 Utah Parkway,Pasadena,CA,626-208-1745
1002,Eachelle Doggerell,6 West Parkway,Houston,TX,713-999-4214
1003,Lelia McMechan,04890 Doe Crossing Lane,Milwaukee,WI,414-833-8154
1004,Garry Cowe,22 Blaine Place,Cincinnati,OH,513-679-1153
1005,Coleen Gecke,1057 Ridgeview Street,Raleigh,NC,919-415-8061
1006,Carolann Beddard,9562 Shopko Drive,Columbia,MO,573-553-7290
1007,Laurette Bourhill,85 Ryan Trail,Harrisburg,PA,717-194-2089
1008,Raimundo Dairton,950 Maple Pass,Sarasota,FL,941-783-6343
1009,Marley Rosen,2 Esker Avenue,Orlando,FL,407-211-5837
1010,Win Kubik,077 Onsgard Pass,Cumming,GA,706-300-6031
1011,Karine Vinker,3 Troy Way,Honolulu,HI,808-861-2734
1012,Kipper McMonies,11624 Eliot Plaza,Huntsville,TX,936-907-8701
1013,Marty Behnecken,77203 Macpherson Terrace,Gainesville,GA,678-696-3582
1014,Betsy Locksley,214 Transport Road,Shreveport,LA,318-733-6002
1015,Cary Coalburn,9 Thierer Drive,Colorado Springs,CO,719-292-6520
1016,Jerrie Betz,8 Lindbergh Terrace,Washington,DC,202-900-1606
1017,Gustaf Gueinn,251 Rockefeller Center,Topeka,KS,785-782-8735
1018,Ruben Sales,7 Ramsey Crossing,Virginia Beach,VA,757-617-1281
1019,Rebeka Dovidaitis,3438 Iowa Parkway,San Antonio,TX,210-725-5323
1020,Will Chomiszewski,49 Golden Leaf Road,Atlanta,GA,678-595-7348
1021,Filmore Denniston,56 Annamark Point,Sacramento,CA,916-455-2846
1022,Rafferty Billingham,29 Boyd Road,Chattanooga,TN,423-794-2041
1023,Inga Tonbye,5323 School Street,El Paso,TX,915-390-4318
1024,Lorie Terbruggen,94389 Texas Lane,Los Angeles,CA,323-725-8729
1025,Vail Rutgers,82 Sundown Park,Fairfax,VA,571-116-6341
1026,Van Pashbee,2 Warbler Place,Pocatello,ID,208-933-9590
1027,Kim Abramovicz,4701 Evergreen Alley,Louisville,KY,502-724-2560
1028,Kylynn Joice,1686 Brickson Park Crossing,Miami,FL,786-189-8640
1029,Mendel Baumadier,49 Kenwood Street,Kansas City,MO,816-161-6988
1030,Ash McLenahan,97 Eagle Crest Drive,Inglewood,CA,310-675-9673
1031,Mic Seleway,94359 Badeau Trail,New York City,NY,212-405-7496
1032,Kylynn Kendrick,31039 Erie Plaza,Atlanta,GA,678-371-1851
1033,Betteann Soles,588 Columbus Junction,Nashville,TN,615-402-6355
1034,Wallas Beldum,11424 Grover Junction,Philadelphia,PA,610-531-0408
1035,Giorgi Kinnane,77582 Gale Terrace,Birmingham,AL,205-593-4449
1036,Sidney Fallawe,3627 Pond Plaza,Honolulu,HI,808-473-9625
1037,Britta Sitwell,717 Meadow Valley Court,North Port,FL,941-186-2441
1038,Ashlee Santora,10747 Straubel Alley,Saint Louis,MO,314-768-4904
1039,Samara Cerith,75288 Sheridan Way,Boise,ID,208-634-2267
1040,Bernarr Klausen,01587 Manufacturers Junction,Seattle,WA,206-115-0044
1041,Kerwin Ditzel,23081 Melrose Park,Northridge,CA,818-853-0428
1042,Barth Craisford,20 Melby Park,New Orleans,LA,504-387-9570
1043,Kalinda Glennon,94053 Veith Court,Anderson,IN,765-459-1774
1044,Lemar Meco,6769 1st Trail,Macon,GA,478-813-8808
1045,Whitaker Gorry,79 Gale Hill,San Diego,CA,619-759-9993
1046,Vikki Tinsley,0770 Gateway Lane,Greeley,CO,970-845-2373
1047,Ninnette Robet,3296 Express Circle,Bakersfield,CA,805-929-4764
1048,Cherise Abramovitch,39 Brickson Park Junction,Jamaica,NY,212-822-3098
1049,Brina Clough,9465 Darwin Lane,Charlottesville,VA,434-225-0639
1050,Terri Colquyte,57 Daystar Center,Columbus,OH,614-397-3283
1051,Jeanna Beagin,007 Debs Parkway,Peoria,AZ,623-696-8611
1052,Elena Boat,072 Anzinger Parkway,Minneapolis,MN,612-335-8191
1053,Timothea Valentinuzzi,712 Maple Park,Nashville,TN,615-912-8452
1054,Jaclyn Ruggs,121 Fairfield Avenue,Virginia Beach,VA,757-845-8411
1055,Franky Fremantle,9 Melody Point,Alexandria,LA,318-502-8966
1056,Fayre Adenet,073 Arapahoe Circle,Louisville,KY,502-306-4264
1057,Peirce Gunda,7396 Sachs Crossing,Fresno,CA,559-695-7015
1058,Guillema Waddoups,06 Westend Center,New York City,NY,718-284-0756
1059,Wandis Teasell,91444 Sommers Center,Seminole,FL,941-887-9722
1060,Betsy Schowenburg,8605 Glendale Hill,New York City,NY,212-759-3649
1061,Gertrud Wykes,40 Hudson Avenue,Fort Lauderdale,FL,954-715-7911
1062,Aldric Santino,9 Shopko Parkway,Saint Louis,MO,314-755-1006
1063,Winne Firk,159 Hansons Court,Nashville,TN,615-157-3228
1064,Xavier Goodhall,48 Alpine Court,Raleigh,NC,919-904-4920
1065,Micky Couve,205 Karstens Park,Alpharetta,GA,404-385-7758
1066,Elmer Ziem,60 Little Fleur Way,Kansas City,MO,816-704-8510
1067,Marybeth Michin,3 Weeping Birch Park,Akron,OH,330-564-0049
1068,Chico Cherry Holme,6 Roxbury Trail,Harrisburg,PA,717-205-5074
1069,Almeria Lyttle,97 Moland Park,Denton,TX,817-372-9802
1070,Ursala McSaul,72509 Sachtjen Crossing,New York City,NY,212-865-4065
1071,Artus Anstead,1 North Lane,Kent,WA,360-704-4951
1072,Christa Blare,4 Messerschmidt Circle,Springfield,IL,217-139-7341
1073,Alley Sherme,529 Anniversary Point,Long Beach,CA,323-697-5251
1074,Neddy Heinrich,9 Anniversary Lane,Dallas,TX,214-831-3752
1075,Anselm Orteu,714 Vermont Pass,Peoria,IL,309-817-3442
1076,Sylvester Slarke,1651 Spenser Trail,Carlsbad,CA,760-342-2794
1077,Rana Rattry,0739 Monica Crossing,Metairie,LA,504-834-1561
1078,Eustace Ivasyushkin,3447 Graedel Terrace,Oklahoma City,OK,405-536-5790
1079,Hercule Barstock,49 Oriole Point,Ashburn,VA,571-345-5484
1080,Efren Purcer,7 Carey Alley,Knoxville,TN,865-454-7806
1081,Evita Marjoribanks,6 Karstens Way,San Diego,CA,619-932-8058
1082,Estrella Ruit,369 Vidon Plaza,Atlanta,GA,404-932-0080
1083,Arlena Lawn,56975 6th Place,Colorado Springs,CO,719-642-1395
1084,Lynne McAvaddy,6302 Mallard Way,Denver,CO,303-258-4771
1085,Tess Legonidec,3031 Mayer Junction,Denver,CO,303-798-4785
1086,Vita Wakeling,89848 Marcy Avenue,Denver,CO,303-351-6172
1087,Constantine Berka,626 Johnson Lane,Colorado Springs,CO,719-162-9363
1088,Dermot Larraway,9012 Express Circle,Vero Beach,FL,772-441-8379
1089,Mahmud Bernardoux,60 Beilfuss Plaza,Portland,OR,971-458-6966
1090,Karleen Kummerlowe,07 Sunbrook Plaza,Fort Lauderdale,FL,754-409-3413
1091,Fabian Itzkowicz,2302 Ilene Hill,Terre Haute,IN,812-235-5458
1092,Danielle Sachno,4504 Prentice Trail,Wichita,KS,316-713-9278
1093,Teresa Noir,9 Pleasure Lane,Plano,TX,469-823-3472
1094,Lannie Hallick,45 Melvin Parkway,Richmond,VA,804-922-5737
1095,Ennis Yard,0775 Londonderry Parkway,Washington,DC,202-772-0901
1096,Evyn Dooley,561 Hudson Plaza,Chicago,IL,773-856-3646
1097,Etty Mutlow,49 Red Cloud Junction,Winston Salem,NC,336-757-1613
1098,Alison Leiden,08724 Fallview Junction,Winston Salem,NC,336-972-4539
1099,Stephanus Cronin,47 Lillian Lane,Lincoln,NE,402-680-7583
1100,Stacee Omond,3 Mendota Pass,Minneapolis,MN,763-875-8557
1101,Zara Segar,5600 Westerfield Street,Salt Lake City,UT,801-155-9032
1102,Stephan Serrell,040 4th Avenue,Anaheim,CA,714-893-7689
1103,Thorsten Ewens,51663 Maryland Place,Lancaster,PA,717-764-1603
1104,Rodie Broke,911 Everett Center,Daytona Beach,FL,407-379-4496
1105,Felecia Kenchington,3129 Duke Park,Oxnard,CA,805-572-0554
1106,Jolie McPeck,66504 Mcguire Court,Seattle,WA,206-175-5589
1107,Read Colbertson,3 Hoard Avenue,Washington,DC,202-507-9048
1108,Kally Musgrave,26 Charing Cross Center,Charleston,SC,843-485-6500
1109,Trixy Portwain,4 Fisk Lane,Cambridge,MA,978-694-7966
1110,Jasmina Featley,9614 Elgar Plaza,Houston,TX,281-719-2269
1111,Dalt Berriball,660 Karstens Court,Kalamazoo,MI,517-932-3216
1112,Northrop Mueller,4 Shopko Circle,Saint Louis,MO,314-125-0601
1113,Latisha Findlow,1503 Bonner Court,Lubbock,TX,806-532-2499
1114,Henrietta Openshaw,302 Northland Parkway,Kansas City,MO,816-426-8667
1115,Damita Varley,86 Becker Center,North Hollywood,CA,213-741-1701
1116,Lonnie Covely,0291 Buell Drive,Pasadena,CA,626-201-8742
1117,Gardie Stovold,0 Del Sol Junction,Pompano Beach,FL,754-588-4849
1118,Broderic Vautre,32 Victoria Terrace,Houston,TX,713-791-4415
1119,Arvy Kick,65065 Westerfield Lane,Monroe,LA,318-810-4130
1120,Ode Seide,873 Sycamore Terrace,West Palm Beach,FL,561-278-4376
1121,Kevyn Armall,9 Summerview Plaza,Lansing,MI,517-620-8132
1122,Lotty Kalf,0 American Ash Plaza,Minneapolis,MN,612-402-1527
1123,Rodrigo Blaisdell,67 Morningstar Trail,Miami,FL,305-776-7187
1124,Tessie Cullingford,0316 Jenifer Terrace,Honolulu,HI,808-658-0250
1125,Ronda Pitkins,0 Weeping Birch Drive,Spokane,WA,509-690-8858
1126,Belva Odcroft,9683 Fuller Center,Baltimore,MD,410-284-7161
1127,Jethro Burtt,1457 Moland Point,New Castle,PA,724-111-6977
1128,Armin Jirus,7170 Bluestem Lane,Phoenix,AZ,602-633-8900
1129,Syd Jelk,32 Northridge Point,Milwaukee,WI,414-323-2401
1130,Yorker Huggins,5402 Barnett Way,Cleveland,OH,440-443-0250
1131,Babara Jelliman,6 Lighthouse Bay Trail,Lincoln,NE,402-857-3512
1132,Vance McCarty,82327 Stuart Road,Las Vegas,NV,702-264-6562
1133,Erena Doni,63955 Mallory Plaza,Wichita,KS,316-531-1447
1134,Doreen Okenden,6209 Warbler Way,Memphis,TN,901-744-7451
1135,Ric McKomb,30 Bartillon Plaza,Birmingham,AL,205-939-4391
1136,Joannes Yurtsev,62 Nelson Court,Seattle,WA,360-991-8782
1137,Trent Vitall,7 Rusk Center,Trenton,NJ,609-755-0614
1138,Irena Ewestace,76416 Bunting Center,New York City,NY,212-364-7611
1139,Max Illem,539 Toban Pass,Philadelphia,PA,215-880-4004
1140,Netta Keiley,58 Reindahl Terrace,Montgomery,AL,334-795-1953
1141,Ferdinand Thynne,0113 Esch Road,Portsmouth,NH,603-930-1629
1142,Clayborne Harcase,3515 Quincy Avenue,Monroe,LA,318-232-6806
1143,Reuven Spelling,46 Pennsylvania Lane,Evansville,IN,812-346-2103
1144,Howard Boner,25604 Nelson Crossing,Knoxville,TN,865-731-6283
1145,Emmet Deverille,1055 Dottie Street,Philadelphia,PA,215-317-2659
1146,Quillan Cullimore,81716 Sheridan Way,Farmington,MI,248-959-6666
1147,Catina Mound,51843 Stoughton Crossing,El Paso,TX,915-986-2075
1148,Vikky Astman,9977 Maple Hill,Saint Louis,MO,314-967-8282
1149,Owen Kunert,9 Pine View Court,Norfolk,VA,757-566-0338
1150,Codie Sperring,9 Crest Line Avenue,Harrisburg,PA,717-592-1815
1151,Feodora Joder,87 Granby Alley,Houston,TX,713-835-6669
1152,Lenka Ca,34425 Havey Parkway,Chula Vista,CA,619-778-6491
1153,Bili Quipp,40842 Pearson Junction,Lynchburg,VA,434-719-0337
1154,Lesly D'eye,974 Daystar Way,Apache Junction,AZ,480-220-4332
1155,Gale Marwood,1826 Randy Way,Oklahoma City,OK,405-310-6676
1156,Olvan Herculson,56613 Carey Pass,Jefferson City,MO,573-122-8675
1157,Giffie Grigoryov,53 Pierstorff Point,Pasadena,CA,626-255-7977
1158,Renard Colbourne,8051 Burning Wood Pass,New York City,NY,917-581-8139
1159,Lawry Swabey,87293 Mitchell Place,Oklahoma City,OK,405-302-0998
1160,Retha Forsaith,9386 Melody Terrace,Milwaukee,WI,262-998-0629
1161,Lauren Redley,3038 Harbort Trail,Tucson,AZ,520-820-4763
1162,Angela Kettell,957 Victoria Avenue,Atlanta,GA,404-261-8271
1163,Amble Schroder,2198 Norway Maple Plaza,New York City,NY,212-221-1511
1164,Ted Lumbly,03 Springview Drive,Washington,DC,202-653-8794
1165,Elton Debling,77130 Arrowood Crossing,Pittsburgh,PA,412-691-9301
1166,Maynard Giddings,11601 Kipling Center,Tyler,TX,903-285-1451
1167,Filippa Lissett,5 Sheridan Road,Peoria,IL,309-672-0958
1168,Philip Thomen,1 Schiller Way,Roanoke,VA,540-306-1838
1169,Sybille Gatehouse,1 Burrows Pass,Seattle,WA,206-865-0323
1170,Spenser Freeman,59 Continental Park,Amarillo,TX,806-193-4596
1171,Dorey Housbie,09 Cottonwood Alley,Boston,MA,617-611-1879
1172,Con Knappitt,4217 Red Cloud Plaza,Macon,GA,912-766-9937
1173,Eolanda Pentony,1 Canary Trail,Southfield,MI,248-783-2406
1174,Matthieu West,394 Warrior Park,Tulsa,OK,918-255-2100
1175,Maryellen Williamson,726 Anderson Court,Hollywood,FL,954-602-3545
1176,Almeda Mesias,25393 Merrick Avenue,Evansville,IN,812-275-4025
1177,Elianora Starsmore,9324 New Castle Alley,San Antonio,TX,210-578-8869
1178,Gus Ferraraccio,2227 Mccormick Road,Washington,DC,202-335-6290
1179,Leopold MacGillreich,5887 Petterle Crossing,Albany,NY,518-754-5188
1180,Janaya Loving,073 Sheridan Avenue,Gadsden,AL,256-667-0513
1181,Rodolph Yoell,0 Atwood Alley,Roanoke,VA,540-756-8154
1182,Kristel Kohnen,18311 Sauthoff Avenue,Portland,OR,503-772-3904
1183,Rubetta Plewman,9335 Atwood Point,Kansas City,KS,913-356-2013
1184,Forrester Enos,35 Namekagon Junction,Spring,TX,713-717-3868
1185,Fedora Olphert,4484 Talisman Street,Dallas,TX,214-645-1996
1186,Lulita Phillott,8517 Anniversary Point,Washington,DC,202-568-0192
1187,Norrie Bambrough,09 Warrior Pass,Evansville,IN,812-637-3082
1188,Walton Doche,5 Fair Oaks Place,Amarillo,TX,806-691-2021
1189,Davine Forlong,8 Grasskamp Court,New Orleans,LA,504-815-0099
1190,Aleece Earwaker,597 Sommers Point,Waterloo,IA,319-857-1169
1191,Mitchel Gager,2 Golf View Way,Hartford,CT,860-285-0399
1192,Mellisa Rowth,1598 Dovetail Circle,Oklahoma City,OK,405-491-6693
1193,Wylie Paice,02100 Bluestem Pass,Hamilton,OH,937-140-8271
1194,Quentin Bissell,332 Declaration Court,Charleston,WV,304-405-9693
1195,Loree Werndley,96 Di Loreto Plaza,Austin,TX,512-820-2090
1196,Adena Fryman,7188 Bluejay Point,Bethesda,MD,301-497-4705
1197,Goldarina Joll,815 Green Crossing,Santa Cruz,CA,831-163-5976
1198,Etheline Ellif,779 Stang Circle,Hialeah,FL,305-461-7641
1199,Rania Gytesham,167 Milwaukee Park,Tucson,AZ,520-877-7805
1200,Morgan Graalman,627 Monument Center,Young America,MN,952-448-0236
1201,Cass Condliffe,141 Tomscot Avenue,Beaumont,TX,936-597-1669
1202,Rickert Lethem,34083 Mayfield Circle,Fresno,CA,559-732-5748
1203,Saxe Casarini,118 Doe Crossing Pass,Lehigh Acres,FL,239-422-0497
1204,Quinton Furby,884 4th Lane,Waco,TX,254-415-3680
1205,Fran Austwick,063 Dapin Junction,New York City,NY,917-966-5736
1206,Ashlee Rotherforth,9095 Moose Pass,El Paso,TX,915-290-3761
1207,Job Duligal,763 Sachtjen Trail,Fort Worth,TX,682-492-1514
1208,Lev Fittes,3 Maryland Circle,Birmingham,AL,205-211-0060
1209,Giuditta Abbis,20078 Westerfield Street,Phoenix,AZ,602-103-0609
1210,Pauli Liversidge,9098 Erie Alley,Birmingham,AL,205-445-7062
1211,Denni Davydychev,64200 Eggendart Circle,Tucson,AZ,520-547-5900
1212,Hallie Ditchburn,0260 Waxwing Terrace,Birmingham,AL,205-839-0769
1213,Cletis Cardenas,609 Shelley Park,Toledo,OH,419-971-9396
1214,Standford Stair,4787 Kim Avenue,Charleston,SC,843-161-3193
1215,Morten Scarr,01 Maple Wood Street,Watertown,MA,617-782-5366
1216,Maximilianus Busst,4 Fuller Junction,Sarasota,FL,941-666-1164
1217,Loleta Pearcehouse,9610 Rutledge Drive,Louisville,KY,502-774-0929
1218,Clarinda Pablo,3521 Fallview Alley,Redwood City,CA,650-391-7375
1219,Constantia Folkerd,73 Oak Valley Lane,Trenton,NJ,609-413-6373
1220,Robinet Pargiter,03 Steensland Lane,Lynchburg,VA,434-997-0455
1221,Claybourne O'Breen,1 Macpherson Lane,Honolulu,HI,808-377-7351
1222,Harli Gilardoni,625 Columbus Point,Chattanooga,TN,423-995-0060
1223,Laurie Sill,43093 Loeprich Crossing,Los Angeles,CA,323-919-3768
1224,Tome Clemits,53936 Mockingbird Road,New York City,NY,646-697-1229
1225,Nedda Faragan,5 Manley Way,Cincinnati,OH,513-727-4619
1226,Odille Adamo,27 Texas Pass,Rochester,NY,585-657-5978
1227,Sigismond Soutar,8432 Nova Crossing,Vancouver,WA,360-547-3751
1228,Julia Jorez,84363 Maple Wood Junction,Grand Junction,CO,970-585-8569
1229,Ailsun Maggorini,9143 Shasta Avenue,Salt Lake City,UT,801-244-2874
1230,Walliw Semkins,0 Walton Junction,Jackson,MS,601-448-7071
1231,Garnet Pethrick,281 Kipling Lane,Myrtle Beach,SC,843-532-3121
1232,Brinn Primak,5 Derek Alley,Houston,TX,713-174-7100
1233,Curtis Okenden,78 Elgar Court,San Jose,CA,408-764-8820
1234,La verne Richley,75229 Elgar Way,Tempe,AZ,602-399-6181
1235,Joletta Timbridge,4 Burrows Center,Tampa,FL,813-600-6502
1236,Xymenes Crozier,564 Walton Trail,Toledo,OH,419-436-1044
1237,Joleen Lamb,76245 Gerald Court,Washington,DC,202-726-4394
1238,Joelle Toms,78 Di Loreto Point,Chicago,IL,773-347-4198
1239,Tanny Pellew,742 Basil Lane,Torrance,CA,310-629-1472
1240,Uriah Duffett,1 Wayridge Parkway,San Jose,CA,408-875-6996
1241,Minta Skevington,8 Becker Junction,Zephyrhills,FL,813-211-3086
1242,Angeli Sewley,9562 Hagan Drive,Inglewood,CA,310-350-8389
1243,Mariele Winsborrow,73 Ronald Regan Center,Charlotte,NC,704-523-6901
1244,Edna Jennings,12 Mosinee Street,Cleveland,OH,216-608-7130
1245,Sabine Bridgman,8 Delladonna Parkway,Nashville,TN,615-151-7071
1246,Loraine Grogona,4666 Lillian Road,Phoenix,AZ,602-968-5510
1247,Odey Elvins,40396 Warner Trail,Pittsburgh,PA,412-434-8654
1248,Alexi Jimson,20 Iowa Parkway,Chicago,IL,312-469-6423
1249,Augustin McConnel,3414 Michigan Street,Baltimore,MD,443-194-6463
1250,Camala Bedell,15 Oneill Alley,El Paso,TX,915-832-5670
1251,Currey Marsy,256 Ramsey Parkway,Dayton,OH,937-422-2676
1252,Uri Loughton,961 Arapahoe Crossing,Pompano Beach,FL,954-604-2041
1253,Molli Izzatt,4 Sachtjen Park,Richmond,VA,804-946-9785
1254,Fifine Theakston,79 Blaine Point,Omaha,NE,712-263-0659
1255,Wyndham Van der Beek,45 La Follette Circle,Harrisburg,PA,717-543-1381
1256,Engracia Golton,531 Continental Lane,Tucson,AZ,520-778-4020
1257,Salmon Lorans,8756 6th Circle,Miami,FL,786-855-9950
1258,Juliette Gravenor,32287 Express Road,El Paso,TX,915-955-3842
1259,Ronny Moger,79139 Parkside Plaza,Zephyrhills,FL,813-852-3573
1260,Prinz Gillhespy,67 Forest Alley,Albany,GA,229-523-9384
1261,Sanderson Nunan,7678 Eggendart Lane,Pasadena,CA,626-755-6023
1262,Elset Brotherwood,94 Barby Place,Omaha,NE,402-319-3675
1263,Rosalia Barthorpe,3100 Steensland Road,Tucson,AZ,520-186-7331
1264,Jillie Bonanno,26 Melrose Plaza,Fort Worth,TX,682-246-0448
1265,Antonella Born,6 Cody Alley,Tulsa,OK,918-750-6656
1266,Dinah Egarr,09 Haas Terrace,Los Angeles,CA,213-817-9971
1267,Stanislas Normanvill,00826 Debs Way,New York City,NY,646-212-0696
1268,Chick Coopper,5552 Helena Trail,Kansas City,MO,816-552-8044
1269,Julianne Ivankovic,4 Anthes Alley,Burbank,CA,818-337-2857
1270,Timotheus Goslin,59978 Bashford Way,Dayton,OH,937-881-4947
1271,Hirsch Willas,1832 Maryland Alley,Washington,DC,202-998-1350
1272,Nat Butterwick,85 Golf View Crossing,New York City,NY,347-350-7735
1273,Gil Maffezzoli,1146 Bunting Circle,Baltimore,MD,410-866-9107
1274,Mikel Brabon,61553 Bluejay Parkway,Boca Raton,FL,561-911-3230
1275,Luelle Phizaclea,55937 Northwestern Park,Omaha,NE,402-658-6525
1276,Maribeth Moulin,80 Meadow Valley Court,Washington,DC,202-754-9968
1277,Raf Craigmile,4 Oxford Avenue,Rochester,MN,507-856-6522
1278,Jobey Hawkeswood,8004 Paget Trail,Norfolk,VA,757-190-3437
1279,Faun Haines,371 Maywood Pass,Missoula,MT,406-440-1312
1280,Langston Tolussi,43 Schiller Court,Springfield,IL,217-782-3031
1281,Margi Putten,90172 Sunbrook Park,Terre Haute,IN,812-443-4980
1282,Rhetta Ungerecht,79348 Lunder Parkway,Washington,DC,202-123-4353
1283,Tricia McGonnell,40205 John Wall Plaza,Anniston,AL,256-532-1755
1284,Jessamyn Buckingham,91 Melrose Crossing,Fort Lauderdale,FL,754-112-0493
1285,Felike Allinson,57 Arizona Avenue,Dallas,TX,214-613-9916
1286,Kalie Toplin,60996 American Crossing,Kent,WA,360-614-8058
1287,Gaspard Cofax,9059 Milwaukee Pass,Albuquerque,NM,505-402-0658
1288,Eryn Underdown,9 High Crossing Center,Santa Monica,CA,818-392-4246
1289,Claudius Janczak,65788 Homewood Parkway,New Haven,CT,203-654-7847
1290,Kimberley Witsey,0 Hallows Trail,Homestead,FL,786-768-1955
1291,Maxie Camplejohn,4365 Ludington Avenue,Dallas,TX,469-619-2578
1292,Urbain Caze,055 Ramsey Court,Jacksonville,FL,904-387-9885
1293,Carter Formilli,1 Petterle Lane,Charlotte,NC,704-459-9910
1294,Katerina Dimsdale,85 Ryan Way,El Paso,TX,915-539-1458
1295,Kandy Enevold,215 Hauk Lane,Albuquerque,NM,505-520-5906
1296,Fidelio Argabrite,27 Brentwood Pass,Hampton,VA,804-391-9499
1297,Nathalia Korpolak,32 School Park,Rochester,NY,585-706-0384
1298,Arty Gash,316 Little Fleur Lane,Minneapolis,MN,612-542-7779
1299,Aurthur Paterno,2 Nevada Crossing,Phoenix,AZ,602-736-5350
1300,Lanita Campana,5 Luster Plaza,Little Rock,AR,501-119-8452
1301,Israel Arblaster,3 Tony Trail,Norfolk,VA,757-527-0421
1302,Cecilio Onians,37 Nancy Drive,Marietta,GA,770-243-0529
1303,Jillayne Sewall,69 Sunnyside Hill,Winston Salem,NC,336-430-1528
1304,Isis Scholes,5820 Hanover Hill,Atlanta,GA,404-983-1801
1305,Marco MacGiffin,130 Scoville Drive,Springfield,MO,417-433-3920
1306,Stanfield Heaney`,5941 Harbort Way,Battle Creek,MI,269-130-9464
1307,Cortney Freckleton,591 Drewry Trail,Simi Valley,CA,805-200-0189
1308,Anthea Di Antonio,39225 Butternut Avenue,Washington,DC,202-926-7112
1309,Pepe McQuilliam,2 Porter Trail,Jackson,MS,601-259-9926
1310,Lissi Cockshutt,29854 Raven Alley,Washington,DC,202-971-1049
1311,Tedie Wilhelmy,1983 Susan Way,Dallas,TX,214-809-5960
1312,Jaquenetta Tupman,25104 Mallard Pass,New York City,NY,212-562-3887
1313,Ellen Donaghy,013 Hovde Court,Jefferson City,MO,573-210-4841
1314,Rouvin De Winton,5 Utah Plaza,Baltimore,MD,410-533-0383
1315,Artie Joss,5888 Schlimgen Terrace,Toledo,OH,419-716-4993
1316,Gearard Eberts,564 Parkside Center,Santa Fe,NM,505-341-3369
1317,Mellie Mynard,40 Summer Ridge Court,Philadelphia,PA,215-802-3017
1318,Shepherd Guarnier,9665 Grover Drive,Bethesda,MD,301-576-4305
1319,Neila Querrard,8452 Butternut Avenue,Scottsdale,AZ,480-215-2117
1320,Grayce Moses,0458 Kim Park,San Antonio,TX,210-106-0544
1321,Dian Taborre,1 Pawling Trail,Tempe,AZ,602-874-1585
1322,Sherm Dunthorn,392 Blue Bill Park Drive,Buffalo,NY,716-488-7340
1323,Vinni Rookesby,9515 Northland Place,Amarillo,TX,806-843-6170
1324,Erie Buxsy,506 Bay Circle,Amarillo,TX,806-115-5280
1325,Corenda Hallgalley,81 Roxbury Center,Kansas City,MO,816-278-7660
1326,Sallyann Lurner,2 Leroy Parkway,Indianapolis,IN,317-522-6545
1327,Mac Reilly,0719 Glacier Hill Junction,Little Rock,AR,501-330-6505
1328,Shelden Senechell,633 Hooker Lane,Louisville,KY,502-963-2654
1329,Mitchell Sokale,57489 Stuart Drive,Seattle,WA,206-911-4685
1330,Hobie Phibb,472 Maywood Pass,Houston,TX,713-571-6302
1331,Marj Musla,94 Jackson Crossing,Tacoma,WA,253-105-2320
1332,Lindsay Urlich,21 Spohn Way,Amarillo,TX,806-248-9856
1333,Blaire Sadd,2 Rusk Avenue,Fort Wayne,IN,260-812-3063
1334,Debee Bowman,16112 6th Junction,Fort Lauderdale,FL,754-469-2788
1335,Randee Pretti,856 Morningstar Road,Sacramento,CA,916-685-8682
1336,Der Tumelty,52 Dennis Place,Dayton,OH,937-818-2783
1337,Auria Ludlom,01 Tennessee Street,Birmingham,AL,205-297-2674
1338,Georgiana Oscroft,302 Ohio Street,Charleston,WV,304-924-9626
1339,Stacie Andrew,3 Debra Alley,Newport News,VA,757-520-5071
1340,Napoleon Colum,9922 Corben Point,Atlanta,GA,770-778-2855
1341,Remington Balchin,5803 Brown Pass,Newark,NJ,973-149-2617
1342,Angel Iacomo,7 Corry Crossing,Anderson,IN,765-191-3016
1343,Emery Cobleigh,80 Eggendart Avenue,Richmond,CA,510-529-9019
1344,Celka Fellows,12 Clarendon Road,Bryan,TX,979-347-8400
1345,Sutton Herrero,3 Quincy Way,Memphis,TN,901-271-7923
1346,Robina Priscott,4 David Crossing,Corpus Christi,TX,361-811-0475
1347,Celestine Ruggieri,513 Laurel Crossing,Saint Louis,MO,314-770-6197
1348,Rhys Davey,9389 Sage Drive,Garden Grove,CA,310-614-4086
1349,Meggi McLeoid,2431 Clarendon Pass,Denver,CO,303-399-8067
1350,Marleen Hindsberg,18566 Portage Trail,San Antonio,TX,210-136-9279
1351,Korey Moore,22234 Monterey Point,Los Angeles,CA,213-648-2730
1352,Maryanna Grissett,8 Delaware Hill,Mobile,AL,251-821-9429
1353,Lesly Satch,33 Cordelia Center,Wilmington,DE,302-531-6752
1354,Gordie Fernely,34 Dayton Trail,Montpelier,VT,802-262-1333
1355,Heda Gronno,982 Melody Parkway,Washington,DC,202-893-3547
1356,Sheffy Kardos,36914 Ryan Pass,Arlington,VA,571-774-0093
1357,Sergei Denyukhin,107 Bunting Hill,Ogden,UT,801-412-0350
1358,Lottie Coombes,66 Jenna Street,Littleton,CO,303-300-4388
1359,Aubrie Baseke,4945 Utah Way,San Antonio,TX,830-198-0684
1360,Sylvester Lappine,41608 Fairfield Lane,Honolulu,HI,808-782-2344
1361,Randolph Eles,15 Schurz Parkway,San Diego,CA,858-385-0321
1362,Nicol Klich,6098 Cambridge Parkway,Philadelphia,PA,215-325-1399
1363,Enrique Schutte,34 Cordelia Crossing,Amarillo,TX,806-252-5942
1364,Ashil Pyne,18 Butternut Avenue,Kalamazoo,MI,517-455-0064
1365,Faun Chicco,17321 Merry Place,Houston,TX,281-567-0837
1366,Mike Brimman,43690 Stang Road,Clearwater,FL,813-555-3562
1367,Jerald Measen,1 Hermina Drive,Dallas,TX,469-598-7459
1368,Janie Gomar,45 Lakewood Park,Omaha,NE,402-554-5969
1369,Bink Musto,45614 Del Sol Avenue,Huntington,WV,304-420-6042
1370,Ingrid Tolliday,66 Crescent Oaks Circle,Amarillo,TX,806-519-7043
1371,Risa Bromige,0 Stephen Plaza,Dallas,TX,972-403-7512
1372,Reeva McLanachan,9 Walton Lane,Topeka,KS,785-658-3102
1373,Ingmar Taffrey,7148 Fisk Park,Las Vegas,NV,702-154-8497
1374,Niki Molloy,5917 Lerdahl Circle,Jamaica,NY,718-672-3079
1375,Bennie Skippon,93972 Schurz Drive,Washington,DC,202-747-5430
1376,Dare Breeder,4 Heffernan Place,Amarillo,TX,806-591-9839
1377,Mirella Block,72 Fuller Point,Cleveland,OH,216-500-6268
1378,Cissiee Menzies,23 Gulseth Crossing,Louisville,KY,502-253-3846
1379,Steffen Waddoups,0412 Lillian Place,Sacramento,CA,916-907-3656
1380,Ashbey Parffrey,58 Straubel Place,South Bend,IN,574-193-1374
1381,Nataniel Maplethorpe,3793 Lerdahl Drive,Mesquite,TX,972-983-9490
1382,Sacha Giovannilli,46338 Reindahl Hill,Spartanburg,SC,864-707-2317
1383,Hanna Somerton,7 Manitowish Hill,Winston Salem,NC,336-950-6719
1384,Karlotta Horburgh,0 Stone Corner Circle,El Paso,TX,915-976-8308
1385,Boone Glyne,740 Victoria Park,Fort Smith,AR,479-682-4517
1386,Lenee Cornelis,84 Paget Center,New Castle,PA,724-929-1487
1387,Jazmin Longfield,7940 Prairieview Parkway,Topeka,KS,785-534-4083
1388,Dasha Bettington,376 Veith Street,Albuquerque,NM,505-699-6703
1389,Abbi Matovic,7 Goodland Point,Oklahoma City,OK,405-427-0328
1390,Stacie Brewster,5 Talisman Alley,Harrisburg,PA,717-498-5802
1391,Elisabet Panons,23360 Weeping Birch Way,Orlando,FL,407-389-1865
1392,Charley Harniman,4 Corry Way,Pensacola,FL,850-130-1254
1393,Giselle Lipprose,9045 Mayfield Pass,Brooklyn,NY,718-134-6755
1394,Gleda McDougal,66 Reindahl Lane,Monticello,MN,763-811-2856
1395,Pauly Baggett,425 Amoth Hill,Chicago,IL,312-781-7371
1396,Darlleen Greave,1 Barnett Park,Chicago,IL,312-913-4398
1397,Cordy Millions,8 American Ash Point,Chicago,IL,312-734-4326
1398,Hesther McConnell,8621 Bunker Hill Alley,Kansas City,MO,816-119-5113
1399,Dew FitzAlan,9 Springs Plaza,Alexandria,VA,571-324-2050
1400,Courtney Machans,15 Transport Trail,Los Angeles,CA,213-227-3473
1401,Nessa Conyard,33 Onsgard Hill,Roanoke,VA,540-663-4108
1402,Lynn Varndell,59219 Spohn Place,Akron,OH,330-726-8527
1403,Maggi Petters,1574 Merchant Place,Albany,NY,518-964-9063
1404,Letitia Giacobelli,93 Lunder Terrace,Sacramento,CA,916-967-7117
1405,Al Anney,03 Duke Place,Kansas City,KS,913-511-3403
1406,Ansel Iglesia,565 Dovetail Alley,Glendale,CA,818-190-0534
1407,Viki Demsey,29606 Reindahl Park,Wilkes Barre,PA,570-318-9643
1408,Darice Fairlem,9556 Stone Corner Trail,Rochester,NY,585-945-2551
1409,Shandy Garwood,617 Almo Center,Boston,MA,857-768-0822
1410,Elaina Cambling,01031 International Street,Corona,CA,951-476-6259
1411,Roshelle Horsfield,47 Hovde Alley,New Orleans,LA,504-368-1492
1412,Yul Rosebotham,2356 Farwell Crossing,Jamaica,NY,917-645-3302
1413,Dun Lamb,135 Gerald Plaza,Paterson,NJ,862-776-7483
1414,Gordon Malsher,305 Charing Cross Court,Tacoma,WA,206-289-6571
1415,Roberto Barenski,9 Clemons Parkway,San Francisco,CA,415-771-3704
1416,Concordia Lindelof,6 Walton Lane,Fort Pierce,FL,772-992-8768
1417,Marina Wiltshier,673 Warrior Court,Cincinnati,OH,513-868-6171
1418,Philomena Ardern,039 Saint Paul Junction,Huntington,WV,304-934-5587
1419,Madelena Munden,2 Vera Parkway,San Francisco,CA,415-554-0228
1420,Cele Dykins,305 Maple Street,Los Angeles,CA,213-556-2205
1421,Axe Brower,7728 Comanche Way,West Palm Beach,FL,561-378-9519
1422,Junette Storcke,535 Barnett Circle,West Palm Beach,FL,561-771-1496
1423,Constantin Rigardeau,834 Swallow Park,Jamaica,NY,212-787-8842
1424,Korrie Featley,5850 Graedel Avenue,Tucson,AZ,520-474-2638
1425,Adah Sadlier,39777 Dovetail Park,Los Angeles,CA,213-696-2054
1426,Joelly Gianettini,162 Carpenter Court,Wichita,KS,316-926-5702
1427,Coop Gosnoll,8 Erie Lane,Olympia,WA,360-909-6564
1428,Margie Maslin,57310 Fair Oaks Avenue,Boise,ID,208-238-9390
1429,Erasmus Vick,959 Laurel Alley,Portsmouth,NH,603-738-6694
1430,Celine Radnage,3448 Starling Trail,Boulder,CO,720-984-5364
1431,Ardelis Rayworth,4205 Porter Place,Decatur,GA,770-848-0716
1432,Ninon Woliter,3 Hallows Center,Fort Worth,TX,817-848-8964
1433,Monro Ryson,37 Warrior Place,San Antonio,TX,210-129-8056
1434,Wainwright Kiss,61 Bowman Park,Los Angeles,CA,310-441-3002
1435,Adela Hecks,5354 Di Loreto Crossing,Richmond,VA,804-163-2086
1436,Quillan Eskriet,3534 Fieldstone Park,Oklahoma City,OK,405-280-1106
1437,Hendrick Earlam,2 Anderson Avenue,Fort Pierce,FL,772-482-5674
1438,Adria Snassell,81 Mayer Lane,Long Beach,CA,562-882-0594
1439,Frederica Grzegorzewski,92 Maple Way,Kansas City,MO,816-927-1914
1440,Worthington Brydell,78 Kings Court,Lincoln,NE,402-203-7452
1441,Rutledge Harhoff,51 Bellgrove Terrace,Simi Valley,CA,805-953-1811
1442,Jolene Titcombe,672 Ruskin Point,Phoenix,AZ,602-438-2933
1443,Nari Mustard,4 Dunning Circle,Duluth,MN,218-148-9871
1444,Betti Looks,1 Scott Avenue,San Antonio,TX,210-382-7710
1445,Reagen Acland,444 Reindahl Street,Huntington,WV,304-208-4884
1446,Van Bodle,05606 Green Plaza,Grand Forks,ND,701-547-8010
1447,Jessa Lambeth,14 Maple Wood Way,Corpus Christi,TX,361-895-0220
1448,Karlen Leathwood,8729 Tennyson Junction,Saint Petersburg,FL,727-265-2556
1449,Marrissa Mangenet,799 Lakewood Gardens Point,Long Beach,CA,323-621-5748
1450,Alina Borthram,8488 7th Drive,Topeka,KS,785-221-8766
1451,Willard Kesper,9 Melody Road,Evanston,IL,847-426-9216
1452,Dietrich Gorges,5738 Algoma Avenue,Evansville,IN,812-157-8354
1453,Chuck Dignum,621 Bayside Park,Tyler,TX,903-296-4502
1454,Zulema Goulbourn,89 Lake View Drive,Charlotte,NC,704-965-9008
1455,Brendin Hastin,84772 Pearson Circle,Jackson,MS,601-445-5243
1456,Uriel Corpes,77364 Acker Park,Raleigh,NC,919-987-4700
1457,Freemon Boman,35162 Toban Court,Denver,CO,303-874-2198
1458,Lesley Martinat,75 Loftsgordon Alley,Pensacola,FL,850-289-4776
1459,Berti Ailsbury,16286 Cottonwood Lane,Jackson,MS,601-227-8078
1460,Desdemona Filde,1113 Swallow Center,Kansas City,MO,816-277-6196
1461,Kleon Foker,7075 School Center,Killeen,TX,254-413-5871
1462,Idalina Aloshkin,89 Huxley Center,Santa Fe,NM,505-656-5704
1463,Gunter Cahalin,31291 Logan Terrace,Topeka,KS,785-715-3615
1464,Novelia McKilroe,527 Division Drive,Los Angeles,CA,562-403-2775
1465,Floyd Jenicek,83 Comanche Park,Pensacola,FL,850-174-7381
1466,Beck Costanza,27349 Mandrake Place,Honolulu,HI,808-553-9232
1467,Jamal Mauro,982 Service Park,Miami,FL,786-900-1645
1468,Domenico Platt,353 Packers Crossing,Austin,TX,512-782-5807
1469,Corrinne Munkley,8 Farmco Avenue,San Francisco,CA,415-207-0275
1470,Glad Burford,704 Oneill Junction,Juneau,AK,907-906-5712
1471,Alonso Cody,62836 Hoepker Lane,Van Nuys,CA,626-442-7602
1472,Rebecca Algar,8 Leroy Drive,Houston,TX,713-115-2180
1473,Ruby Ramalho,686 Barby Road,Baltimore,MD,410-979-6427
1474,Charo Marguerite,901 John Wall Plaza,Lees Summit,MO,816-530-2391
1475,Worden Brosi,1471 Anhalt Way,Bozeman,MT,406-576-2999
1476,Franny Colliford,1 Vermont Alley,Richmond,VA,804-906-5167
1477,Lacee Ebertz,7495 Twin Pines Circle,Roanoke,VA,540-181-6926
1478,Sarena Cod,29 Brickson Park Hill,San Diego,CA,619-453-2978
1479,Odessa Roscoe,12 Larry Trail,Des Moines,IA,515-786-6073
1480,Geno Abdon,37 Knutson Lane,Shawnee Mission,KS,913-593-8027
1481,Joelle Arnison,6614 Oakridge Lane,Oklahoma City,OK,405-454-1441
1482,Truman Vreede,876 Miller Pass,Charlotte,NC,704-504-4969
1483,Stafani Gheorghe,876 Huxley Hill,Myrtle Beach,SC,843-213-7466
1484,Prudence Lehenmann,35 Granby Hill,Columbia,SC,803-230-0113
1485,Arlette Ellar,7890 Kedzie Center,Vancouver,WA,360-598-8842
1486,Kory McDuffy,56903 Prentice Place,Springfield,MA,413-975-0475
1487,Dana Camel,66996 Warner Avenue,Louisville,KY,502-908-5623
1488,Janos Lyon,9387 Sunnyside Circle,Oklahoma City,OK,405-498-6111
1489,Hewett Mullarkey,0 North Plaza,Brockton,MA,508-787-3455
1490,Cherish di Rocca,9054 Logan Terrace,Whittier,CA,562-629-5704
1491,Anny Brychan,37 Bartillon Terrace,Panama City,FL,850-197-5880
1492,Gae Gheeorghie,27 Forest Run Alley,Concord,CA,925-369-3445
1493,Clair Firk,8 Eliot Crossing,Houston,TX,832-637-4277
1494,Delainey Beinisch,8072 Dawn Circle,Tampa,FL,813-710-9651
1495,Chloette Heaker,939 Magdeline Court,Gaithersburg,MD,240-554-7752
1496,Sauveur Roddie,583 Heath Park,Roanoke,VA,540-233-8206
1497,Jilleen Stephen,064 Glacier Hill Alley,Buffalo,NY,716-571-8718
1498,Kariotta Campbell,94 Pierstorff Hill,Corona,CA,626-845-2485
1499,Nessy Craigg,28096 Ronald Regan Alley,Philadelphia,PA,215-574-3720
1500,Othilie Feaveer,95130 Riverside Trail,New Orleans,LA,985-173-5936
1501,Syman Story,25 Westport Circle,Hamilton,OH,937-799-7298
1502,Aloise Asman,655 Barby Drive,Dallas,TX,214-805-5145
1503,Brice McKevitt,24 Scofield Place,Louisville,KY,502-476-1859
1504,Kirby Skaife,85293 Dunning Street,Abilene,TX,325-831-3193
1505,Herminia Frossell,56 Briar Crest Point,Tucson,AZ,520-966-8440
1506,Carmella Costen,89562 Express Junction,Daytona Beach,FL,386-484-2334
1507,Nikolaus De Domenico,48 Pankratz Hill,Melbourne,FL,321-420-6797
1508,Aidan Huelin,0 Little Fleur Plaza,Toledo,OH,419-967-8128
1509,Timotheus Doubleday,3 Dexter Parkway,Pompano Beach,FL,305-746-5091
1510,Anita Coulthard,3712 Hudson Trail,Greenville,SC,864-386-0255
1511,Di Benzies,52860 Hazelcrest Way,Silver Spring,MD,202-273-2639
1512,Cello Aynold,9 Hermina Crossing,Dallas,TX,972-796-7867
1513,Loy Schofield,6668 Manley Park,Tulsa,OK,918-343-3825
1514,Raimundo Bishopp,818 Southridge Junction,Buffalo,NY,716-195-8849
1515,Tamas Pacht,46 Mayfield Road,Oklahoma City,OK,405-639-0049
1516,Izabel Aldus,4992 Ridge Oak Alley,Mobile,AL,251-425-8996
1517,Selle Benoy,9676 Prairie Rose Plaza,Louisville,KY,502-256-7975
1518,Geordie Chawner,3286 Dakota Road,Fort Worth,TX,682-306-5925
1519,Bethany Duckers,819 Stone Corner Park,Washington,DC,202-968-5399
1520,Johna Eicke,84 Artisan Drive,Moreno Valley,CA,951-807-4921
1521,Adolphe Bartens,208 Karstens Plaza,Pittsburgh,PA,412-687-0043
1522,Malynda Bedlington,394 Weeping Birch Road,Philadelphia,PA,610-838-8941
1523,Hugibert Ruby,2 Chinook Circle,San Jose,CA,408-937-1794
1524,Misti Wylder,47008 Cherokee Terrace,Boulder,CO,303-660-6659
1525,Sherwood Decreuze,7 Summer Ridge Pass,San Angelo,TX,325-701-8495
1526,Kakalina Brazel,9 Stephen Road,Las Vegas,NV,702-971-0354
1527,Deck Belfrage,0468 Stuart Road,Pinellas Park,FL,850-206-3815
1528,Gordan Webb,78743 Sommers Hill,Saint Petersburg,FL,727-364-5517
1529,Hally Markwick,52 Eliot Junction,Tulsa,OK,918-827-0309
1530,Valerie Couthard,5813 Petterle Point,Burbank,CA,323-187-0589
1531,Debor Scholar,87460 Armistice Crossing,Austin,TX,512-274-6260
1532,Jaymee O'Fergus,36964 Debs Park,New York City,NY,212-158-8114
1533,Mollee Upex,3794 Packers Avenue,Falls Church,VA,571-508-3344
1534,Nessi Sherry,0 Crowley Court,Norfolk,VA,757-545-5033
1535,Adair Sizzey,0 Hoard Point,Durham,NC,919-738-8211
1536,Vinny Wadge,1252 Corry Terrace,Reading,PA,610-373-5265
1537,Philly Pawelec,94353 Gerald Parkway,Pueblo,CO,719-195-9481
1538,Clemente Vanyukhin,5838 Dryden Hill,Miami Beach,FL,305-562-8625
1539,Ross Shanklin,48039 Amoth Street,New York City,NY,646-531-3204
1540,Barbabra Jaspar,5 5th Street,Stockton,CA,209-761-8241
1541,Corenda Tebbett,5 Summer Ridge Road,Saint Louis,MO,314-825-6594
1542,Latia Leneve,6398 Service Lane,Springfield,IL,217-927-6202
1543,Fields Godfery,66 Lillian Lane,Boise,ID,208-231-4578
1544,Kimble Cawte,0053 Hermina Crossing,Salem,OR,503-132-7331
1545,Wilmette Harrema,7 Kingsford Place,Trenton,NJ,609-982-7268
1546,Neddy Sammut,2657 Vera Junction,Riverside,CA,909-195-9980
1547,Aldo Biles,1 Prentice Junction,San Francisco,CA,415-469-8891
1548,Doyle Gullane,80 Chinook Road,Memphis,TN,901-138-4860
1549,Shannon Symondson,63 4th Point,Inglewood,CA,310-431-3201
1550,Sam Berthelet,7 Glendale Alley,Warren,MI,810-269-6645
1551,Ilise Velti,6 Southridge Pass,Oakland,CA,510-225-2468
1552,Anatole Wallington,2 Memorial Alley,Mobile,AL,251-100-3322
1553,Clywd Wince,07996 Scofield Way,Fort Myers,FL,239-212-3099
1554,Gram Wainwright,09 Dapin Court,Silver Spring,MD,240-123-8714
1555,Koressa Creffeild,560 Fuller Avenue,Alexandria,VA,571-602-6022
1556,Cherye Wessell,639 Messerschmidt Alley,Bethlehem,PA,610-861-8503
1557,Sheffield Logue,4991 Milwaukee Plaza,Seattle,WA,206-614-2659
1558,Wolfy Fasey,653 2nd Court,Washington,DC,202-523-2447
1559,Saundra Maillard,41313 Veith Park,Saint Louis,MO,314-853-0830
1560,Faustina Stoite,6 Lakewood Gardens Way,Port Saint Lucie,FL,772-470-0800
1561,Pooh Gladstone,312 Del Sol Road,Syracuse,NY,315-909-8261
1562,Alida Bampkin,10 Sachtjen Road,New York City,NY,212-400-2813
1563,Mehetabel Batistelli,10 Gale Crossing,Philadelphia,PA,267-374-5166
1564,Martelle McAllester,1 Macpherson Junction,Omaha,NE,402-181-4011
1565,Reggie Dignall,48 Utah Pass,Houston,TX,832-439-0384
1566,Carmelina Wandtke,956 Warrior Drive,Tampa,FL,813-200-2576
1567,Thor Henrych,62887 Elmside Trail,West Palm Beach,FL,561-758-8084
1568,Hervey D'Agostini,39 Red Cloud Terrace,Syracuse,NY,315-516-8218
1569,Nefen MacMenamin,73314 Golf Course Road,Phoenix,AZ,602-453-0400
1570,Kellen Ivery,11167 Northridge Lane,Tulsa,OK,918-903-1160
1571,Orrin Willgress,0776 John Wall Center,Hampton,VA,757-568-8446
1572,Karoly Mulqueeny,28152 Gina Trail,Dulles,VA,571-286-5010
1573,Godwin Laughtisse,920 Express Road,Albany,NY,518-315-1336
1574,Willamina Care,947 Drewry Street,Pasadena,CA,626-759-6009
1575,Juliette Pennazzi,80 Emmet Park,Yakima,WA,509-150-9786
1576,Ruthe Witterick,94 Maywood Pass,Allentown,PA,610-745-2865
1577,Silvana Patria,30 Nevada Center,Roanoke,VA,540-667-4734
1578,Matias Toppin,333 Center Lane,New Haven,CT,203-219-6194
1579,Colline Charters,6709 Shasta Avenue,Newton,MA,617-891-7909
1580,Padriac Vasichev,6717 Stone Corner Street,Little Rock,AR,501-445-4958
1581,Hugibert Siggs,036 Caliangt Trail,Newport News,VA,757-332-5075
1582,Dilan McKinie,603 Dayton Hill,Detroit,MI,313-409-8961
1583,Yoshiko Wilton,2515 Westport Crossing,Bakersfield,CA,661-760-3041
1584,Fawn Scarsbrick,04329 Carpenter Street,Huntington,WV,304-107-9772
1585,Jessie D'Errico,348 Springs Junction,Boise,ID,208-351-6391
1586,Bil Zambonini,7074 Cambridge Hill,Joliet,IL,815-195-7320
1587,Byram Muldowney,8585 Merry Circle,Erie,PA,814-778-0556
1588,Winifield Manjin,8 Harbort Plaza,Sacramento,CA,916-754-0378
1589,Ricky Cometti,66142 Birchwood Parkway,Fullerton,CA,559-811-4891
1590,Deedee Cartlidge,124 Lillian Center,Jackson,MS,601-386-4678
1591,Dierdre Jelf,2 Lunder Alley,Tuscaloosa,AL,205-592-7998
1592,Lewes Queenborough,860 Morning Road,Vancouver,WA,360-723-6798
1593,Talbert Kamall,0 Mifflin Parkway,Philadelphia,PA,215-101-4465
1594,Delilah Lorenzetto,0 Morningstar Alley,Mc Keesport,PA,412-352-6671
1595,Nicko Gallichan,7102 Pennsylvania Junction,Washington,DC,202-314-8086
1596,Cyndi Randleson,04 Donald Place,New Haven,CT,203-455-9433
1597,Esteban Gofton,331 Claremont Alley,Oklahoma City,OK,405-410-8464
1598,Stefa Gunstone,1661 Mallard Crossing,New Orleans,LA,504-367-9050
1599,Louella Wringe,1 Dawn Terrace,Albuquerque,NM,505-846-5106
1600,Clem Boole,58 Oriole Court,Washington,DC,202-479-4880
1601,Elbertina Chooter,81832 Dorton Junction,Mobile,AL,251-591-4567
1602,Tamarah Gniewosz,9 Pennsylvania Junction,Atlanta,GA,404-492-0871
1603,Tasha Petrecz,3 Cardinal Pass,Wichita,KS,316-188-8213
1604,Aime Theyer,372 Eagle Crest Parkway,New York City,NY,646-416-9046
1605,Eryn Hutable,09 Hermina Street,Colorado Springs,CO,719-732-3031
1606,Moe Mirfin,21524 Farwell Way,Washington,DC,202-865-4448
1607,Baxter Gisburne,9 Florence Crossing,San Antonio,TX,210-138-7559
1608,Lyle Dreghorn,7510 Westport Point,Charleston,WV,304-739-3638
1609,Oren O'Concannon,2 Warrior Alley,New York City,NY,347-806-5032
1610,Vachel Shird,3718 Elka Pass,San Diego,CA,619-245-3083
1611,Lisha Cocozza,046 Derek Center,Baltimore,MD,443-475-6045
1612,Bernadette Kefford,689 International Lane,Fresno,CA,559-797-0946
1613,Vanda Arlett,95722 Express Circle,Miami,FL,954-768-5523
1614,Ariana Mincini,30 Merrick Drive,Scranton,PA,570-498-2652
1615,Aggie Keele,8999 Susan Road,Montgomery,AL,334-324-4745
1616,Florinda Geary,4 Sutherland Junction,Las Vegas,NV,702-272-1809
1617,Ive Redhead,127 Texas Crossing,El Paso,TX,915-763-9263
1618,Duke Sadat,48352 Maple Wood Junction,San Jose,CA,408-912-2796
1619,Morgen Snare,82279 Clemons Plaza,Kansas City,KS,913-353-0642
1620,Ruthie Tollmache,83 Sutherland Court,Pompano Beach,FL,305-792-6444
1621,Eliza Getty,24 Monica Park,Memphis,TN,901-955-3165
1622,Willey Burstow,99 Bayside Crossing,Topeka,KS,785-513-9166
1623,Claire Ziemen,0 New Castle Center,Fort Worth,TX,682-206-5689
1624,Jackelyn Gail,39 Mccormick Circle,Littleton,CO,720-850-1742
1625,Elroy Simeonov,6211 Fisk Center,Austin,TX,361-774-0003
1626,Letitia Clausius,63 Sheridan Parkway,Waco,TX,254-208-7401
1627,Penelope Oldacre,26063 Farmco Street,Bethesda,MD,301-110-2641
1628,Josi Sifflett,01 Pawling Place,Topeka,KS,785-430-8672
1629,Mirilla Bartaloni,738 Ryan Parkway,Santa Barbara,CA,805-516-4518
1630,Guilbert Francom,0 Chinook Lane,Detroit,MI,810-242-9620
1631,Isacco Dinis,19 Manitowish Road,Memphis,TN,901-522-9122
1632,Sascha Yo,05063 Grayhawk Avenue,Los Angeles,CA,818-205-0117
1633,Carlen Pimley,8 Cody Avenue,Washington,DC,202-753-5221
1634,Pammie Goskar,2368 Delaware Pass,Arlington,VA,571-452-1414
1635,Hersh De-Ville,54801 Schiller Alley,Fort Lauderdale,FL,954-812-8538
1636,Nikolaus Dunkerton,033 Cambridge Circle,Washington,DC,202-307-0319
1637,Cassandry Oldland,95414 Maywood Lane,Reston,VA,571-240-0730
1638,Sean Meert,44 West Park,Oklahoma City,OK,405-942-9142
1639,Shanta Hughes,21184 Westend Alley,Las Vegas,NV,702-283-8443
1640,Jena Landis,495 Packers Road,Birmingham,AL,205-632-5875
1641,Boris Lofts,7585 Forest Lane,Denver,CO,303-926-5504
1642,Fanny Gashion,52538 Pond Hill,Elmira,NY,607-329-2394
1643,Modestine Feehan,67 Schurz Place,Anaheim,CA,714-276-7014
1644,Clarissa Malimoe,105 Luster Crossing,Maple Plain,MN,763-886-2866
1645,Krishnah Ingarfield,06 Riverside Plaza,San Francisco,CA,415-229-6087
1646,Tito Heaker,5766 Muir Street,Palatine,IL,847-406-8130
1647,Cly Safell,71096 Macpherson Terrace,Flint,MI,810-671-8563
1648,Cindi Formie,08 Truax Drive,Minneapolis,MN,651-826-3820
1649,Christophe Buick,70 Ludington Circle,Gainesville,FL,352-337-8284
1650,Hillary Kinningley,420 Cody Road,Ogden,UT,801-733-4672
1651,Bessie Barnhill,4 Pond Crossing,Orange,CA,714-782-9236
1652,Maybelle Deschlein,11 Monica Avenue,Columbus,OH,614-280-3322
1653,Andy Shergill,632 Havey Point,Santa Ana,CA,619-674-9540
1654,Orelie Leahair,6 Coolidge Park,Houston,TX,713-147-5849
1655,Decca Janeczek,675 Graceland Drive,Spartanburg,SC,864-944-4180
1656,Imelda Jeandot,88 Harper Way,Brea,CA,714-222-5665
1657,Mattie Beaten,3652 Drewry Way,Saint Petersburg,FL,727-588-4538
1658,Adriane Dragon,0 Waxwing Road,Rochester,MN,507-244-7676
1659,Creighton Marre,686 Almo Circle,Oceanside,CA,858-467-4210
1660,Penn Fratson,91 Sundown Terrace,Spokane,WA,509-278-0383
1661,Norine Sturgis,98562 Bartillon Center,Apache Junction,AZ,480-785-6065
1662,Ted Hance,2 Lunder Street,Pittsburgh,PA,412-392-3699
1663,Eden Seabert,7 Corry Park,Norfolk,VA,757-534-6265
1664,Montgomery Edmand,5342 Muir Drive,Portland,OR,503-127-6279
1665,Betti O'Suaird,20056 Mallory Avenue,Columbia,MO,573-500-3303
1666,Germaine Veltman,7260 Twin Pines Road,New York City,NY,718-426-3876
1667,Burk Copeman,17 Mccormick Way,Jacksonville,FL,904-804-5275
1668,Vittorio Lancett,81140 Eastlawn Court,Orlando,FL,407-934-1883
1669,Bettine Leftwich,89 Kedzie Lane,Hartford,CT,860-133-4667
1670,Hedwiga Colpus,66 Northfield Place,Pueblo,CO,719-750-1743
1671,Jermayne Ivanitsa,761 Melrose Trail,Albany,NY,518-689-5548
1672,Glynis Keynd,3 Ridgeway Avenue,Wilmington,NC,910-830-5329
1673,Brenna Paye,1 Elka Center,Columbia,SC,803-637-0581
1674,Hadlee Mann,81 Ruskin Crossing,Greensboro,NC,336-254-5816
1675,Eilis McRae,418 Gale Plaza,Anchorage,AK,907-872-7572
1676,Dirk De Rye Barrett,977 Claremont Point,Great Neck,NY,516-292-8002
1677,Martelle Palomba,77 Pawling Parkway,Iowa City,IA,319-829-7930
1678,Ilario Doman,1 Carpenter Way,Stockton,CA,209-235-0526
1679,Emmalyn Broadberry,811 Norway Maple Alley,Indianapolis,IN,317-626-7108
1680,Alia Armatidge,473 Gulseth Park,Honolulu,HI,808-694-7442
1681,Randy Bearblock,0062 Dayton Parkway,Camden,NJ,856-981-1477
1682,Jamil Dunbobbin,54475 Crescent Oaks Parkway,Indianapolis,IN,317-753-0160
1683,Isabeau Philo,80948 Oneill Hill,Torrance,CA,818-514-8022
1684,Tiffi Dutch,100 Sutherland Pass,Toledo,OH,419-867-1097
1685,Joli Scroggs,8219 Meadow Vale Alley,Staten Island,NY,718-533-6889
1686,Fin Bengochea,76 Buell Way,Marietta,GA,678-152-1914
1687,Jeramey Planks,8 Hauk Park,North Little Rock,AR,501-624-4284
1688,Kingsly Creedland,1 Nelson Drive,Dallas,TX,214-895-7936
1689,Michel Drowsfield,71853 Beilfuss Plaza,Baton Rouge,LA,225-729-2630
1690,Evita Jendrusch,28333 Bluejay Point,Baltimore,MD,410-194-4468
1691,Cary Bailles,54 Goodland Avenue,Fullerton,CA,714-587-2099
1692,Bruno Dunley,5512 Bobwhite Hill,Idaho Falls,ID,208-603-4702
1693,Benjamin Licciardi,532 Melby Drive,Pomona,CA,909-403-3663
1694,Jasmine Lydall,476 Kenwood Terrace,Santa Barbara,CA,805-690-2560
1695,Sidonnie Slorach,4 Cordelia Parkway,Houston,TX,713-541-3814
1696,Rosemaria Bellenger,7 Atwood Parkway,Delray Beach,FL,561-160-9973
1697,Riva Kilshall,1124 Columbus Pass,Santa Barbara,CA,805-256-2313
1698,Chastity Truitt,407 Westport Parkway,Phoenix,AZ,480-748-0511
1699,Avivah Tandey,51 Valley Edge Point,Canton,OH,234-224-4243
1700,Jemima De Santos,3 Larry Street,Saint Paul,MN,651-235-3847
1701,Ilaire Gulvin,58 Ohio Point,Springfield,IL,217-393-2630
1702,Dory de Clerc,887 Parkside Trail,Washington,DC,202-686-9953
1703,Eugenius Clissell,4 Riverside Plaza,Grand Junction,CO,970-531-0297
1704,Noell Eidelman,23 Arapahoe Alley,Sacramento,CA,916-592-1252
1705,Adina Boobyer,4 Saint Paul Pass,Louisville,KY,502-953-4638
1706,Mallory Golda,0606 Eagle Crest Plaza,Austin,TX,512-578-3163
1707,Orazio Pioch,89 Haas Plaza,Washington,DC,202-710-3461
1708,Whitman Seson,26 Derek Trail,Clearwater,FL,727-991-3427
1709,Gustav Itzkowicz,73832 Delaware Alley,Pueblo,CO,719-616-8504
1710,Gaston Newns,52119 Thompson Street,Montgomery,AL,334-838-1353
1711,Nollie McAvaddy,3 Caliangt Lane,El Paso,TX,915-546-7881
1712,Maridel Semple,1 Carberry Avenue,Fort Worth,TX,682-729-7666
1713,Rolland Ahlf,25042 Comanche Drive,Norcross,GA,404-373-0119
1714,Vania Mapplebeck,29760 Maple Wood Pass,Hayward,CA,209-866-9935
1715,Killy Dowda,5 Truax Lane,Saint Louis,MO,314-551-9888
1716,Leonidas Noads,3 Cottonwood Parkway,Virginia Beach,VA,757-183-7202
1717,Nikkie Jesteco,9 Arrowood Circle,Jackson,MS,601-473-0509
1718,Glynda Baroc,0667 Leroy Junction,Waterloo,IA,319-266-3387
1719,Ichabod Van den Broek,27578 Claremont Trail,Fort Lauderdale,FL,754-147-0547
1720,Everard Nosworthy,9 Del Sol Pass,Tucson,AZ,520-375-4148
1721,Aeriell Comins,4361 Badeau Place,Austin,TX,512-273-7275
1722,Henryetta McKellar,456 Northwestern Street,Minneapolis,MN,952-689-5986
1723,Eal Bierling,05989 David Center,Pittsburgh,PA,412-137-3976
1724,Willa Millions,0751 Dennis Pass,Birmingham,AL,205-378-8612
1725,Sonja Rogliero,4 Eggendart Street,Lubbock,TX,806-941-2648
1726,Isaiah Batting,4501 Cardinal Court,El Paso,TX,915-471-4389
1727,Mickey Sellack,2 Weeping Birch Pass,Dallas,TX,214-689-6507
1728,Mackenzie Brearty,6 Mayfield Hill,Charleston,WV,304-803-1832
1729,Waly Chattoe,2258 Gina Pass,Richmond,VA,804-448-1401
1730,Emmerich Lotze,71 Kim Parkway,Levittown,PA,267-445-2568
1731,Adelice Varley,24510 Brentwood Avenue,New York City,NY,212-338-7405
1732,Archie Gawkes,51492 David Crossing,Phoenix,AZ,602-599-2371
1733,Maxine Staton,32 Porter Trail,Salt Lake City,UT,801-332-1912
1734,Alice Smythin,397 Blaine Plaza,Trenton,NJ,609-109-6835
1735,Larissa Brisley,1462 Annamark Center,Indianapolis,IN,317-315-3823
1736,Kelsi Cappleman,132 Tomscot Circle,Lafayette,IN,765-872-3863
1737,Reeva Apthorpe,87000 Oak Valley Way,Schaumburg,IL,847-490-7660
1738,Odelinda Billborough,15646 Roxbury Parkway,Spartanburg,SC,864-206-3123
1739,Iago O'Beirne,6804 Independence Trail,Springfield,MO,417-801-1094
1740,Christye Auden,7 Southridge Trail,Fort Wayne,IN,260-368-3948
1741,Leila Tailby,94 Springview Trail,Salt Lake City,UT,801-994-7814
1742,Yule Varley,87794 Warbler Pass,San Antonio,TX,210-331-8576
1743,Didi Hamshaw,3276 Ryan Plaza,Seattle,WA,206-500-7015
1744,Thibaud Adamini,3651 Bashford Avenue,Albuquerque,NM,505-201-3172
1745,Sallyanne Firebrace,8 Lillian Junction,Inglewood,CA,310-481-9279
1746,Flem Mattholie,9 Hintze Court,Wilkes Barre,PA,570-252-0389
1747,Erie McSparran,1 North Circle,Albuquerque,NM,505-782-5676
1748,Batholomew Mauvin,78830 Garrison Hill,Houston,TX,713-739-0579
1749,Maribel Woolveridge,3 3rd Trail,Denver,CO,720-217-6429
1750,Kariotta Pilch,932 Arkansas Park,Houston,TX,281-708-0678
1751,Sindee Sixsmith,887 Eliot Crossing,Monticello,MN,763-775-1430
1752,Ramona Scholes,81220 Drewry Drive,Orlando,FL,321-160-3253
1753,Hallie Greenrod,96498 Manufacturers Street,Flushing,NY,718-889-0842
1754,Gates Ferryn,02350 Kedzie Circle,Baltimore,MD,443-930-9063
1755,Nelli Dearnley,6 Tomscot Center,Mobile,AL,251-861-7557
1756,Cosetta Touzey,9961 Heffernan Crossing,Lincoln,NE,402-811-1327
1757,Josepha Feares,63 Glendale Pass,Shreveport,LA,318-167-8516
1758,Fanchette Boecke,88536 Graceland Junction,Arlington,TX,713-398-8691
1759,Zedekiah L'Homme,20 Spenser Road,Scottsdale,AZ,480-142-2152
1760,Roda Fullbrook,50262 Bay Lane,Newark,DE,302-130-1011
1761,Gradeigh Stearn,0 Thackeray Alley,Pompano Beach,FL,954-823-5858
1762,Leda Wollrauch,3 Rieder Court,San Bernardino,CA,909-432-3168
1763,Joellyn Bris,99497 Fair Oaks Circle,Bakersfield,CA,661-505-3163
1764,Cherin List,02442 Meadow Ridge Park,Miami,FL,305-635-7370
1765,Yorke Rentalll,11337 Mesta Road,Seattle,WA,206-971-4423
1766,Renie Wimlett,7 Cody Pass,Grand Rapids,MI,616-860-1233
1767,Isa Dickerline,174 Upham Street,Lexington,KY,859-304-8655
1768,Turner Powe,746 Scott Lane,Roanoke,VA,540-259-2471
1769,Aymer Tison,48 Mayfield Plaza,Norfolk,VA,757-917-4092
1770,Roderich Johann,182 Shelley Road,Bozeman,MT,406-596-2972
1771,Sheffield Lorenz,145 Carioca Pass,Kansas City,KS,913-943-7980
1772,Bondon Braganca,4464 Meadow Vale Trail,Chandler,AZ,602-877-8866
1773,Edgard Algie,78 Badeau Terrace,Oklahoma City,OK,405-746-3569
1774,Willey Licence,58 Havey Hill,Houston,TX,713-522-8143
1775,Heda Oxenden,462 Rieder Alley,Durham,NC,919-645-2668
1776,Bee Raittie,8 Bonner Alley,Scranton,PA,570-965-3375
1777,Noni Baldwin,2463 Fair Oaks Drive,Atlanta,GA,404-442-7195
1778,Deane Pugh,04292 Saint Paul Avenue,Pasadena,CA,626-167-9044
1779,Lorene Orpyne,90 Evergreen Circle,Staten Island,NY,914-789-6484
1780,Zacharias Millam,751 South Plaza,Oklahoma City,OK,405-973-4813
1781,Taite Hyde-Chambers,0663 Maywood Pass,Portland,OR,503-764-8944
1782,Reade Raddin,90685 Grover Junction,Birmingham,AL,205-293-7189
1783,Gertruda Prime,30 Crowley Pass,Delray Beach,FL,561-684-8488
1784,Wilow Brumby,28 Cardinal Plaza,Atlanta,GA,404-453-9948
1785,Hollyanne Fishbourne,316 Boyd Center,Minneapolis,MN,651-867-3067
1786,Terry Dunkley,15 Pine View Road,Wilmington,DE,302-164-3608
1787,Chrissie Jurkiewicz,3522 Fieldstone Center,Sarasota,FL,941-277-2766
1788,Ive Bellew,3391 Holy Cross Point,Lansing,MI,517-229-4899
1789,Shem Gavin,910 Riverside Junction,Washington,DC,202-412-2477
1790,Caty Maliffe,74454 Roxbury Road,Macon,GA,478-532-7827
1791,Hyacinthia Gulvin,77 Washington Place,San Jose,CA,408-404-3558
1792,Jordanna Falkous,072 Warbler Hill,Los Angeles,CA,213-732-0626
1793,Neill Eicke,9 Meadow Valley Trail,Lawrenceville,GA,770-487-7434
1794,Britni Baumann,5 Crowley Junction,Tacoma,WA,253-963-7540
1795,Carolee Glaister,29444 Miller Pass,San Francisco,CA,415-944-1604
1796,Oliviero Oxley,47 Larry Hill,Louisville,KY,502-405-8110
1797,Mariele Ben,755 Cascade Road,Odessa,TX,432-816-2544
1798,Constantina Onions,07 Buell Street,Corpus Christi,TX,361-776-2245
1799,Annelise Offill,0 Forster Place,Alexandria,LA,318-505-8021
1800,Barbabas Comar,6 Darwin Drive,Beaverton,OR,503-247-4981
1801,Randell Tomas,7 Oakridge Junction,Phoenix,AZ,602-171-4110
1802,Liza Basketfield,61341 Anderson Terrace,Shreveport,LA,318-302-5938
1803,Conant Mauditt,208 Browning Lane,Miami,FL,786-541-5100
1804,Thurstan Wilcinskis,9464 Harbort Street,Las Vegas,NV,702-710-1427
1805,Ches Mandry,214 Prairie Rose Plaza,Houston,TX,713-820-0079
1806,Vlad Keeffe,148 Weeping Birch Way,Houston,TX,281-723-8063
1807,Koenraad Emanueli,3 Dunning Hill,Washington,DC,202-691-4198
1808,Byrom Tebbs,802 Summit Drive,Los Angeles,CA,323-816-9961
1809,Sianna Itzchaki,4 Oakridge Avenue,Syracuse,NY,315-584-6024
1810,Klement Duesbury,8 Michigan Drive,Pompano Beach,FL,754-527-4502
1811,Filide Rosenstein,45504 Emmet Pass,Hialeah,FL,305-359-2071
1812,Clair Hadaway,395 Mariners Cove Road,Portsmouth,NH,603-664-0740
1813,Jerome Parmenter,1 Cardinal Plaza,Long Beach,CA,323-353-5382
1814,Gerri Kerslake,56 Homewood Junction,New York City,NY,212-101-5876
1815,Georg Batey,69 Pearson Terrace,Midland,MI,989-889-3666
1816,Lynn Ninotti,97 Crest Line Way,Corpus Christi,TX,361-416-0495
1817,Dorolisa Colbron,4862 Mesta Place,Birmingham,AL,205-240-7697
1818,Marla Krochmann,9954 Graedel Trail,Macon,GA,478-904-1848
1819,Anastasia Canti,889 Kings Parkway,Warren,MI,810-414-5380
1820,Hilarius Forrington,58 La Follette Street,Terre Haute,IN,812-470-9139
1821,Klemens Orrick,06 Jenna Alley,El Paso,TX,915-829-4270
1822,Kleon McCafferky,9 Valley Edge Place,Portland,OR,971-737-7288
1823,Cassandra Niezen,56 Montana Point,Anchorage,AK,907-453-7854
1824,Gauthier Lundy,99131 Burning Wood Road,Roanoke,VA,540-865-5319
1825,Tull Danks,09 West Point,Juneau,AK,907-581-4669
1826,Heall Smeal,117 Paget Drive,Lexington,KY,859-639-4034
1827,Milicent Fittall,00 Crownhardt Point,Columbia,SC,803-517-6643
1828,Julio Georgeou,8 Colorado Court,San Francisco,CA,415-336-4028
1829,Adriane Ashbey,03309 Columbus Lane,Indianapolis,IN,317-558-1208
1830,Kerrin Caen,29283 Menomonie Plaza,Baton Rouge,LA,225-915-4121
1831,Aguistin Hamlington,5528 Sauthoff Pass,Knoxville,TN,865-130-6330
1832,Moina Stive,244 Lien Place,Long Beach,CA,562-371-1942
1833,Mason Marcoolyn,1222 Crownhardt Center,Memphis,TN,901-923-4125
1834,Chiquita Chominski,4 Graceland Alley,Fort Myers,FL,239-370-9197
1835,Ozzie Manifold,91788 Shoshone Lane,West Palm Beach,FL,561-498-7094
1836,Kirsten Gateland,471 Emmet Road,Wilmington,NC,910-475-6866
1837,Lammond Dangerfield,81 Lerdahl Terrace,Riverside,CA,951-132-8009
1838,Christabel Carver,927 Farmco Road,Fort Worth,TX,817-734-5863
1839,Cloris Gartell,3 Barby Center,Kansas City,MO,816-215-4607
1840,Petronilla Holdworth,12237 Oxford Court,Seattle,WA,206-515-8772
1841,Raquel Godilington,76 Valley Edge Avenue,Washington,DC,202-979-9728
1842,Devin Roswarne,721 Orin Pass,Port Washington,NY,516-438-7322
1843,Lura Delicate,9 Vahlen Plaza,Tucson,AZ,520-932-6474
1844,Farr Redhills,72363 Judy Lane,Chattanooga,TN,423-177-0346
1845,Dulsea Scoffins,1519 Burning Wood Drive,Memphis,TN,901-303-6232
1846,Thomas Grigorkin,8834 Carpenter Road,Anderson,IN,765-863-8284
1847,Maribelle Innett,078 Brickson Park Center,San Bernardino,CA,909-769-4575
1848,Julietta O'Neary,6694 Kim Crossing,Macon,GA,478-421-7220
1849,Sherline Rigeby,1270 Luster Plaza,El Paso,TX,915-566-0410
1850,Adolpho Le Conte,70 Riverside Terrace,San Antonio,TX,210-637-1877
1851,Beverley Beldom,35325 Cottonwood Point,Grand Rapids,MI,616-668-6354
1852,Abby Skinner,7629 High Crossing Park,Boise,ID,208-325-2502
1853,Kale Fipp,4077 Carioca Alley,Oklahoma City,OK,405-157-6101
1854,Nelson Brauninger,64872 Birchwood Crossing,Atlanta,GA,404-863-1944
1855,Marisa Doughill,02190 Loeprich Point,Helena,MT,406-958-8193
1856,Alikee Rubrow,519 Gerald Terrace,Kansas City,MO,816-732-8537
1857,Kerstin Mathouse,5321 Elka Crossing,Hagerstown,MD,240-887-6235
1858,Joelly Luckham,7 Union Lane,Washington,DC,202-917-6340
1859,Appolonia Freer,9 Arkansas Avenue,Raleigh,NC,919-134-4584
1860,Kittie Ollerhead,783 Thackeray Center,Austin,TX,512-993-9969
1861,Hannah Saintsbury,6 Old Gate Parkway,Jackson,MS,601-639-7659
1862,Romona Casewell,6296 Surrey Terrace,Dallas,TX,214-836-5789
1863,Zebadiah Jakubowsky,65509 Rockefeller Point,Chesapeake,VA,757-989-9795
1864,Kristel Malatalant,504 Oxford Lane,Johnson City,TN,423-448-7276
1865,Brandy Espinho,06 Twin Pines Alley,Cedar Rapids,IA,319-757-2155
1866,Olenka Sharkey,05247 Fairview Pass,Cleveland,OH,216-890-5600
1867,Yurik Duffit,22686 Sage Park,Brooklyn,NY,718-837-2526
1868,Peyter Gierardi,5 Elgar Circle,Clearwater,FL,813-677-7281
1869,Emilee Todd,6938 Bashford Way,Anaheim,CA,714-206-6922
1870,Laure Derks,665 Buhler Plaza,Fort Wayne,IN,260-114-0257
1871,Susanna Van Leeuwen,358 Bluejay Circle,San Jose,CA,408-839-3564
1872,Beryl Babst,54 David Center,Harrisburg,PA,717-582-6021
1873,Nil Trunchion,7765 Luster Point,Brooklyn,NY,718-689-0913
1874,Niel Patrono,86058 Carpenter Plaza,Washington,DC,202-580-7996
1875,Opaline Hancke,08755 Menomonie Park,Albany,NY,518-519-5269
1876,Tina Dubber,80 Kenwood Alley,Kalamazoo,MI,269-295-3466
1877,Susie Vynarde,845 Spohn Plaza,Boulder,CO,303-354-8497
1878,Wadsworth Astill,02351 Corben Lane,Chandler,AZ,480-564-4034
1879,Juli Anfrey,8 Moland Place,Orlando,FL,407-501-0153
1880,Vicki Seed,11 Northport Place,Frederick,MD,240-600-9661
1881,Hastings Cruikshank,530 Summit Alley,Los Angeles,CA,818-402-1207
1882,Florina Labrenz,4017 Vernon Court,Gulfport,MS,228-364-9915
1883,Ailee Roaf,5095 Independence Trail,El Paso,TX,915-868-6992
1884,Hamnet Beckwith,0478 Donald Junction,Mobile,AL,251-635-3664
1885,Laurens Markson,3 Comanche Hill,Sacramento,CA,916-868-8273
1886,Gillan Laflin,05792 Tony Circle,Macon,GA,478-213-2635
1887,George Waszczyk,33591 Bowman Way,Boca Raton,FL,561-439-5773
1888,Gabe Deftie,07945 Pankratz Trail,Colorado Springs,CO,719-297-9002
1889,Robyn Itshak,5005 Lerdahl Park,Tampa,FL,813-326-7957
1890,Daryn Fullerlove,8 Bartillon Park,Baton Rouge,LA,225-380-5972
1891,Gnni Bartosek,2673 Golf Course Crossing,Sarasota,FL,941-272-2177
1892,Trixi Vasyukhin,136 Waywood Terrace,Charleston,SC,843-575-1190
1893,Judi Dmytryk,32 Raven Road,Stamford,CT,203-614-6974
1894,Gabie Kershow,88372 8th Park,Rochester,NY,585-524-5171
1895,Ophelie Lobley,70 Summerview Place,Pompano Beach,FL,754-280-1575
1896,Nealon Rotherham,09424 Springs Court,Washington,DC,202-703-7723
1897,Ingaberg Vanyushkin,041 Northwestern Way,Greenville,SC,864-411-4579
1898,Natal Kassidy,70807 Blue Bill Park Way,Salt Lake City,UT,801-518-9180
1899,Kaitlyn Mundie,74874 Delladonna Park,Birmingham,AL,205-307-9955
1900,Joella Mungane,012 Granby Alley,Maple Plain,MN,952-911-7216
1901,Marlowe Atlee,8 Sloan Hill,Carol Stream,IL,309-889-1208
1902,Cloe Alenichev,77773 Kipling Alley,Rockford,IL,815-587-8831
1903,Dunn O' Dornan,7 Dunning Plaza,Lakeland,FL,863-211-5420
1904,Petronella Dalglish,7 Mcbride Alley,San Antonio,TX,210-531-7298
1905,Dawn Oakeshott,6743 Kim Point,Washington,DC,202-904-1214
1906,Georgeta Dwane,6325 Mariners Cove Junction,Madison,WI,608-912-3894
1907,Burr Ivanyushkin,71030 Becker Point,Saint Augustine,FL,904-150-3557
1908,Cyb Ferrige,325 Moland Way,Glendale,AZ,602-209-8800
1909,Fallon Duiged,838 Carpenter Avenue,Athens,GA,706-823-5775
1910,Jarred Tuft,5 Iowa Junction,Torrance,CA,310-654-7546
1911,Margaretta Spaldin,626 Union Center,Chattanooga,TN,423-701-1554
1912,Conney Symonds,00 Spaight Circle,Tucson,AZ,520-184-5341
1913,Alec Faussett,32 Gale Hill,Sioux City,IA,712-827-4382
1914,Jennette Hilbourne,87679 Mifflin Alley,Stamford,CT,203-412-9554
1915,Warner Chalcroft,164 Mesta Circle,Buffalo,NY,716-151-8454
1916,Bart Dyneley,00678 Fairfield Lane,Dallas,TX,214-430-3269
1917,Salmon Coleson,4756 Oakridge Trail,Richmond,VA,804-652-3890
1918,Ernesto Giraudou,6 Carey Place,Portsmouth,NH,603-366-4713
1919,Xavier Enocksson,30466 Donald Circle,Jacksonville,FL,904-145-0263
1920,Eba Arrow,14732 Shopko Park,Austin,TX,512-879-3435
1921,Penni Esplin,7 Portage Hill,Denver,CO,303-904-0082
1922,Norene Danielski,53768 Pearson Plaza,Washington,DC,703-398-4484
1923,Amos Roxburgh,143 Heffernan Way,Tacoma,WA,253-274-1475
1924,Con Kilbane,76520 Lien Street,Richmond,VA,804-355-7013
1925,Mortimer Ingre,6 Washington Terrace,Birmingham,AL,205-625-5062
1926,Ulla Danes,0890 Onsgard Parkway,San Antonio,TX,210-261-4347
1927,Josiah Sarfati,545 Schurz Terrace,Reno,NV,775-112-9785
1928,Giulio Fairleigh,9614 Londonderry Court,Rockford,IL,815-142-9776
1929,Fritz Tydd,4 Veith Trail,Columbia,SC,803-611-9553
1930,Catarina Pow,71695 Dunning Lane,Homestead,FL,786-105-2886
1931,Natassia Roscher,428 Valley Edge Terrace,Boston,MA,617-999-7774
1932,Rosanne Fortey,185 Maple Terrace,Troy,MI,248-122-5858
1933,Hailee Bhar,8994 Kedzie Way,Newark,NJ,862-594-1274
1934,Corbin Gurnay,019 Dayton Circle,New York City,NY,212-356-4247
1935,Emlynne Gronou,49 Farmco Alley,Houston,TX,713-596-9278
1936,Felice Dawe,5 Nova Parkway,Huntsville,TX,936-376-7019
1937,Georg Gravatt,88 Lakeland Junction,Redwood City,CA,650-696-3667
1938,Karie Kynsey,5992 Warrior Junction,Miami,FL,305-866-5212
1939,Selle Creasy,1273 Lindbergh Center,Alhambra,CA,626-948-9385
1940,Nels Dearlove,23636 Hanover Terrace,Greensboro,NC,336-349-0421
1941,Dione McLuckie,66 Fulton Way,Sacramento,CA,916-762-4863
1942,Mildrid Norwood,797 Bartillon Park,Missoula,MT,406-155-7810
1943,Beverie Westley,00 Comanche Way,South Bend,IN,574-756-9498
1944,Briney Mullaly,61 Charing Cross Point,Valley Forge,PA,484-802-8579
1945,Kenon Deval,02 Prairie Rose Avenue,Saint Petersburg,FL,727-350-9843
1946,Gwyn Esel,9 Dovetail Street,New Orleans,LA,504-484-0236
1947,Margaret Frewer,92 Maryland Way,Irvine,CA,714-123-7595
1948,Randene Trimming,779 Clove Way,Corpus Christi,TX,361-108-4326
1949,Philippine Detloff,24827 Leroy Hill,Macon,GA,478-183-4578
1950,Wolf Yvens,92 Merry Parkway,Fort Worth,TX,817-482-5134
1951,Averill Morigan,42790 Rockefeller Junction,Iowa City,IA,319-959-6407
1952,Reinaldo Moultrie,3271 Fisk Drive,Naples,FL,239-554-1400
1953,Tarah Learman,64 Hauk Pass,Atlanta,GA,770-368-3903
1954,Cherianne Munsey,107 Corscot Point,Huntsville,AL,256-467-3973
1955,Harold Merwede,1072 Waubesa Way,Detroit,MI,313-353-4361
1956,Francis Bess,39317 7th Park,Fredericksburg,VA,540-192-9706
1957,Yetta Andrew,12 Fremont Street,Oakland,CA,510-328-9905
1958,Mic MacLardie,7583 Vernon Lane,Richmond,VA,804-555-2965
1959,Silvester Brownlie,6416 Hayes Way,Des Moines,IA,515-658-5556
1960,Mord Carcass,53497 Schmedeman Junction,Washington,DC,202-476-6787
1961,Giusto Tours,9194 Jana Point,New York City,NY,212-423-3828
1962,Giovanni Sessions,847 Hauk Pass,Savannah,GA,912-923-9735
1963,Gladys Bernardoni,562 Hoard Plaza,Camden,NJ,856-731-3777
1964,Loella Audry,99 Daystar Street,Lexington,KY,859-623-9067
1965,Eugenio Gargett,397 Summer Ridge Hill,Albany,NY,518-899-9678
1966,Decca Gerler,430 1st Lane,Denver,CO,303-791-3426
1967,Lydon Clemenson,15 Bunker Hill Avenue,Jamaica,NY,917-599-7101
1968,Peter Drakard,634 Graedel Place,Houston,TX,214-783-7152
1969,Joleen Braxton,80173 Fordem Point,Las Vegas,NV,702-892-3451
1970,Loree Schuelcke,113 Mariners Cove Pass,Beaverton,OR,503-484-6190
1971,Meagan Rawlin,3 Blue Bill Park Crossing,Des Moines,IA,515-726-8480
1972,Sheridan Hazlewood,22803 Atwood Lane,Buffalo,NY,716-335-2783
1973,Roselin Letteresse,8 Lunder Point,Dallas,TX,972-664-8704
1974,Elizabet Ghione,8452 Shasta Place,Evansville,IN,812-631-5943
1975,Chelsey Giacobelli,471 7th Place,New York City,NY,212-768-4394
1976,Phyllida Taylorson,683 Meadow Vale Parkway,Tallahassee,FL,850-386-2344
1977,Freddi Patty,0 Sachs Plaza,Anchorage,AK,907-328-1091
1978,Porter Cornill,699 Bobwhite Parkway,Richmond,VA,804-234-7464
1979,Ainsley Jedrzejewski,02 Johnson Alley,Brooklyn,NY,212-237-6234
1980,Isidoro Ashurst,3048 Cardinal Plaza,Philadelphia,PA,215-746-3151
1981,Eimile Petrussi,996 John Wall Crossing,Palm Bay,FL,561-507-3324
1982,Araldo Redholls,01 Service Park,Topeka,KS,785-584-1667
1983,Chelsea Carverhill,5 Ryan Way,Washington,DC,202-290-6184
1984,Melicent Marte,2 Del Sol Parkway,Spartanburg,SC,864-238-4260
1985,Arnaldo Hammond,841 Summer Ridge Pass,Dallas,TX,972-318-5032
1986,Efren Letterese,05947 Hintze Trail,Honolulu,HI,808-237-2585
1987,Wendi Chivers,55203 Cardinal Road,Erie,PA,814-674-9010
1988,Kelsy McKinnon,45045 Sachtjen Point,Salt Lake City,UT,801-286-0036
1989,Shelley Cherry,79134 Jana Hill,Minneapolis,MN,612-799-0349
1990,Anatole Iffe,65 Ruskin Crossing,El Paso,TX,915-995-9887
1991,Latisha Wolfe,86753 Lukken Terrace,Wilmington,DE,302-240-4065
1992,Petey Hapgood,278 Southridge Road,Brooklyn,NY,212-168-5760
1993,Dollie Guilayn,9 Oriole Point,Memphis,TN,901-554-0549
1994,Richard Eddicott,22 Corscot Drive,Salt Lake City,UT,801-419-4004
1995,Rozina McReynolds,69170 Carioca Parkway,New York City,NY,917-399-2489
1996,Douglass Cabrer,304 Meadow Valley Alley,Detroit,MI,313-364-6606
1997,Lauritz Starrs,9 Kinsman Park,Houston,TX,713-623-5809
1998,Ryan Mothersole,777 Oriole Avenue,Washington,DC,202-138-1142
1999,Nerita Veltman,97269 Oxford Avenue,Erie,PA,814-360-1554
